"sample","compounds","TRset","ncarbon_umole_cm2","tCO_umole_cm2","naCO_umole_cm2","cCOH_umole_cm2","COOH_umole_cm2","aCH_umole_cm2","aCOH_umole_cm2","Ester_umole_cm2","Ketone_umole_cm2","AmmNH_umole_cm2"
"01012","Ammonium sulfate","test",0,0,0,0,0,0,0,0,0,0.561703284282727
"01020","Ammonium sulfate","calibration",0,0,0,0,0,0,0,0,0,1.11311582137215
"01021","Ammonium sulfate","calibration",0,0,0,0,0,0,0,0,0,1.2038744945324
"01022","Ammonium sulfate","test",0,0,0,0,0,0,0,0,0,1.37181377163977
"01027","Ammonium sulfate","calibration",0,0,0,0,0,0,0,0,0,1.68768253964614
"01033","1-Docosanol","calibration",0.479458380865072,0,0,0,0,0.980710324496736,0.0217935627665941,0,0,0
"01034","1-Docosanol","test",1.4588892822743,0,0,0,0,2.98409171374289,0.0663131491942862,0,0,0
"01050","1-Docosanol","calibration",6.99166407068582,0,0,0,0,14.3011310536755,0.3178029123039,0,0,0
"01092","Suberic Acid","calibration",0.113408271901567,0.0283520679753927,0,0.0283520679753927,0.0283520679753916,0.17011240785235,0,0,0,0
"01093","Suberic Acid","calibration",0.168919777841919,0.0422299444604801,0,0.0422299444604801,0.0422299444604798,0.253379666762879,0,0,0,0
"01094","Suberic Acid","test",0.231153380204868,0.0577883450512176,0,0.0577883450512176,0.057788345051217,0.3467300703073,0,0,0,0
"01095","Suberic Acid","calibration",0.455367822167145,0.113841955541787,0,0.113841955541787,0.113841955541786,0.683051733250719,0,0,0,0
"01096","Suberic Acid","calibration",0.395519479824965,0.0988798699562411,0,0.0988798699562411,0.0988798699562414,0.593279219737449,0,0,0,0
"01097","Suberic Acid","test",0.403325785347996,0.100831446336999,0,0.100831446336999,0.100831446336999,0.604988678021994,0,0,0,0
"01098","Suberic Acid","calibration",0.497868818902664,0.124467204725665,0,0.124467204725665,0.124467204725666,0.746803228353997,0,0,0,0
"01099","Suberic Acid","calibration",0.668306489485099,0.167076622371276,0,0.167076622371276,0.167076622371275,1.00245973422765,0,0,0,0
"01101","Suberic Acid","test",0.71818010810338,0.179545027025844,0,0.179545027025844,0.179545027025845,1.07727016215507,0,0,0,0
"01102","Suberic Acid","calibration",0.804049468854952,0.201012367213737,0,0.201012367213737,0.201012367213738,1.20607420328243,0,0,0,0
"01103","Suberic Acid","calibration",0.986630281361963,0.246657570340492,0,0.246657570340492,0.246657570340491,1.47994542204294,0,0,0,0
"01104","Suberic Acid","test",0.866066229397535,0.216516557349385,0,0.216516557349385,0.216516557349384,1.2990993440963,0,0,0,0
"01105","Suberic Acid","calibration",0.957139793831094,0.239284948457775,0,0.239284948457775,0.239284948457774,1.43570969074664,0,0,0,0
"01106","Suberic Acid","calibration",1.03476916541946,0.258692291354864,0,0.258692291354864,0.258692291354865,1.55215374812919,0,0,0,0
"01107","Suberic Acid","test",1.2169162942863,0.304229073571574,0,0.304229073571574,0.304229073571574,1.82537444142945,0,0,0,0
"01108","Suberic Acid","calibration",1.14709322822087,0.286773307055216,0,0.286773307055216,0.286773307055219,1.72063984233131,0,0,0,0
"01110","Suberic Acid","calibration",1.22819206893035,0.307048017232585,0,0.307048017232585,0.307048017232588,1.84228810339552,0,0,0,0
"01113","Suberic Acid","test",0.168269252381751,0.0420673130954368,0,0.0420673130954368,0.0420673130954376,0.252403878572626,0,0,0,0
"01114","Suberic Acid","calibration",0.344778493926429,0.0861946234816084,0,0.0861946234816084,0.086194623481607,0.517167740889642,0,0,0,0
"01115","Suberic Acid","calibration",0.481822524216525,0.12045563105413,0,0.12045563105413,0.120455631054131,0.722733786324788,0,0,0,0
"01116","Suberic Acid","test",0.786268439608303,0.196567109902076,0,0.196567109902076,0.196567109902075,1.17940265941245,0,0,0,0
"01117","Suberic Acid","calibration",0.757211635717697,0.189302908929423,0,0.189302908929423,0.189302908929424,1.13581745357655,0,0,0,0
"01118","Suberic Acid","calibration",0.877775687681941,0.219443921920485,0,0.219443921920485,0.219443921920485,1.31666353152291,0,0,0,0
"01119","Suberic Acid","test",1.02002392165412,0.255005980413529,0,0.255005980413529,0.255005980413529,1.53003588248118,0,0,0,0
"01120","Suberic Acid","calibration",1.31492879696226,0.328732199240567,0,0.328732199240567,0.328732199240567,1.9723931954434,0,0,0,0
"01129","D-Glucose","calibration",0.0849148633857814,0,0,0,0,0.0990673406167449,0.0707623861548178,0,0,0
"01130","D-Glucose","test",0.245309605336702,0,0,0,0,0.286194539559484,0.204424671113918,0,0,0
"01131","D-Glucose","calibration",0.35852942318441,0,0,0,0,0.418284327048478,0.298774519320343,0,0,0
"01132","D-Glucose","calibration",0.735928816010105,0,0,0,0,0.858583618678456,0.613274013341754,0,0,0
"01133","D-Glucose","test",0.603839028521112,0,0,0,0,0.704478866607965,0.503199190434259,0,0,0
"01134","D-Glucose","calibration",0.735928816010105,0,0,0,0,0.858583618678456,0.613274013341754,0,0,0
"01135","D-Glucose","calibration",0.849148633857814,0,0,0,0,0.990673406167449,0.707623861548178,0,0,0
"01136","D-Glucose","test",1.20767805704222,0,0,0,0,1.40895773321593,1.00639838086852,0,0,0
"01168","Malonic Acid","calibration",0.0816713504283654,0.0544475669522437,0,0.0544475669522437,0.0544475669522437,0.0544475669522437,0,0,0,0
"01170","Malonic Acid","test",0.0571699452998559,0.0381132968665706,0,0.0381132968665706,0.0381132968665706,0.0381132968665706,0,0,0,0
"01171","Malonic Acid","test",0.0816713504283654,0.0544475669522437,0,0.0544475669522437,0.0544475669522437,0.0544475669522437,0,0,0,0
"01172","Malonic Acid","calibration",0.114339890599712,0.0762265937331412,0,0.0762265937331412,0.0762265937331412,0.0762265937331412,0,0,0,0
"01173","Malonic Acid","calibration",0.106172755556875,0.0707818370379169,0,0.0707818370379169,0.0707818370379169,0.0707818370379169,0,0,0,0
"01174","Malonic Acid","test",0.130674160685385,0.08711610712359,0,0.08711610712359,0.08711610712359,0.08711610712359,0,0,0,0
"01175","Malonic Acid","calibration",0.122507025642548,0.0816713504283654,0,0.0816713504283654,0.0816713504283654,0.0816713504283654,0,0,0,0
"01176","Malonic Acid","calibration",0.179676970942404,0.119784647294936,0,0.119784647294936,0.119784647294936,0.119784647294936,0,0,0,0
"01182","Malonic Acid","test",0.0571699452998559,0.0381132968665706,0,0.0381132968665706,0.0381132968665706,0.0381132968665706,0,0,0,0
"01184","Malonic Acid","calibration",0.106172755556875,0.0707818370379169,0,0.0707818370379169,0.0707818370379169,0.0707818370379169,0,0,0,0
"01189","Malonic Acid","calibration",0.073504215385529,0.0490028102570194,0,0.0490028102570194,0.0490028102570194,0.0490028102570194,0,0,0,0
"01190","Malonic Acid","test",0.106172755556875,0.0707818370379169,0,0.0707818370379169,0.0707818370379169,0.0707818370379169,0,0,0,0
"01191","Malonic Acid","calibration",0.163342700856731,0.108895133904487,0,0.108895133904487,0.108895133904487,0.108895133904487,0,0,0,0
"01242","Arachidyl Dodecanoate","calibration",0.124115259029493,0.00387860184467187,0.00387860184467164,0,0,0.248230518058985,0,0.00387860184467164,0,0
"01243","Arachidyl Dodecanoate","test",0.337939141990482,0.0105605981872025,0.0105605981872026,0,0,0.675878283980967,0,0.0105605981872026,0,0
"01244","Arachidyl Dodecanoate","calibration",0.865507546827342,0.0270471108383546,0.0270471108383544,0,0,1.73101509365468,0,0.0270471108383544,0,0
"01245","Arachidyl Dodecanoate","calibration",1.6295233755118,0.0509226054847437,0.0509226054847437,0,0,3.2590467510236,0,0.0509226054847437,0,0
"01246","Arachidyl Dodecanoate","test",0.0633144928974325,0.00197857790304463,0.00197857790304477,0,0,0.126628985794865,0,0.00197857790304477,0,0
"01247","Arachidyl Dodecanoate","calibration",0.142339778076935,0.00444811806490427,0.00444811806490421,0,0,0.28467955615387,0,0.00444811806490421,0,0
"01248","Arachidyl Dodecanoate","calibration",0.247759194290503,0.00774247482157798,0.00774247482157824,0,0,0.495518388581007,0,0.00774247482157824,0,0
"01249","Arachidyl Dodecanoate","test",0.247287870522155,0.00772774595381752,0.00772774595381735,0,0,0.494575741044311,0,0.00772774595381735,0,0
"01250","Arachidyl Dodecanoate","calibration",0.222307710793268,0.00694711596228951,0.00694711596228963,0,0,0.444615421586535,0,0.00694711596228963,0,0
"01251","Arachidyl Dodecanoate","calibration",0.256085914200087,0.00800268481875303,0.00800268481875272,0,0,0.512171828400175,0,0.00800268481875272,0,0
"01252","Arachidyl Dodecanoate","test",0.244774143756916,0.00764919199240371,0.00764919199240365,0,0,0.489548287513832,0,0.00764919199240365,0,0
"01253","Arachidyl Dodecanoate","calibration",0.347051401514205,0.0108453562973187,0.0108453562973189,0,0,0.69410280302841,0,0.0108453562973189,0,0
"01254","Arachidyl Dodecanoate","calibration",0.333854335997105,0.0104329479999093,0.0104329479999095,0,0,0.667708671994209,0,0.0104329479999095,0,0
"01255","Arachidyl Dodecanoate","test",0.325056292319038,0.0101580091349697,0.0101580091349699,0,0,0.650112584638076,0,0.0101580091349699,0,0
"01256","Arachidyl Dodecanoate","calibration",0.365747244330128,0.0114296013853168,0.0114296013853165,0,0,0.731494488660256,0,0.0114296013853165,0,0
"01257","Arachidyl Dodecanoate","calibration",0.463154156479767,0.0144735673899927,0.0144735673899928,0,0,0.926308312959535,0,0.0144735673899928,0,0
"01258","Arachidyl Dodecanoate","test",0.44618650081481,0.0139433281504631,0.0139433281504628,0,0,0.89237300162962,0,0.0139433281504628,0,0
"01259","Arachidyl Dodecanoate","calibration",0.482635538909697,0.0150823605909279,0.015082360590928,0,0,0.96527107781939,0,0.015082360590928,0,0
"01260","Arachidyl Dodecanoate","calibration",0.52411203053479,0.0163785009542121,0.0163785009542122,0,0,1.04822406106958,0,0.0163785009542122,0,0
"01261","Arachidyl Dodecanoate","test",0.608321877167595,0.0190100586614874,0.0190100586614874,0,0,1.21664375433519,0,0.0190100586614874,0,0
"01262","Arachidyl Dodecanoate","calibration",0.521598303769552,0.0162999469927982,0.0162999469927984,0,0,1.0431966075391,0,0.0162999469927984,0,0
"01263","Arachidyl Dodecanoate","calibration",0.509658101635204,0.0159268156760999,0.0159268156761001,0,0,1.01931620327041,0,0.0159268156761001,0,0
"01264","Arachidyl Dodecanoate","test",0.579256911445466,0.0181017784826708,0.0181017784826708,0,0,1.15851382289093,0,0.0181017784826708,0,0
"01265","Arachidyl Dodecanoate","calibration",0.749090576016123,0.023409080500504,0.0234090805005038,0,0,1.49818115203224,0,0.0234090805005038,0,0
"01266","Arachidyl Dodecanoate","calibration",0.706985652699721,0.022093301646866,0.0220933016468662,0,0,1.41397130539944,0,0.0220933016468662,0,0
"01274","Ammonium sulfate","test",0,0,0,0,0,0,0,0,0,0.0746079171489045
"01275","Ammonium sulfate","calibration",0,0,0,0,0,0,0,0,0,0.512536381027287
"01276","Ammonium sulfate","calibration",0,0,0,0,0,0,0,0,0,1.02307178343377
"01277","Ammonium sulfate","test",0,0,0,0,0,0,0,0,0,1.62851074328646
"01278","Ammonium sulfate","calibration",0,0,0,0,0,0,0,0,0,0.223537897358255
"01279","Ammonium sulfate","calibration",0,0,0,0,0,0,0,0,0,0.5385491030984
"01280","Ammonium sulfate","test",0,0,0,0,0,0,0,0,0,0.582570632757189
"01281","Ammonium sulfate","calibration",0,0,0,0,0,0,0,0,0,0.918163332883455
"01282","Ammonium sulfate","calibration",0,0,0,0,0,0,0,0,0,0.938744827269212
"01283","Ammonium sulfate","test",0,0,0,0,0,0,0,0,0,1.14784709314858
"01284","Ammonium sulfate","calibration",0,0,0,0,0,0,0,0,0,1.31478588094548
"01285","Ammonium sulfate","calibration",0,0,0,0,0,0,0,0,0,1.54518427643236
"01286","Ammonium sulfate","test",0,0,0,0,0,0,0,0,0,1.66510006663922
"01287","Ammonium sulfate","calibration",0,0,0,0,0,0,0,0,0,1.73656358881251
"01288","Ammonium sulfate","calibration",0,0,0,0,0,0,0,0,0,1.91793800808879
"01289","Ammonium sulfate","test",0,0,0,0,0,0,0,0,0,2.13990370795918
"01290","Ammonium sulfate","calibration",0,0,0,0,0,0,0,0,0,2.30655664166713
"01291","Ammonium sulfate","calibration",0,0,0,0,0,0,0,0,0,2.26067706043214
"01292","Ammonium sulfate","test",0,0,0,0,0,0,0,0,0,2.54890373806158
"01293","Ammonium sulfate","calibration",0,0,0,0,0,0,0,0,0,2.74397056818594
"01294","Ammonium sulfate","calibration",0,0,0,0,0,0,0,0,0,2.92234351953073
"01295","Ammonium sulfate","test",0,0,0,0,0,0,0,0,0,2.96933793171197
"01296","Ammonium sulfate","calibration",0,0,0,0,0,0,0,0,0,3.06921535030143
"01297","Ammonium sulfate","calibration",0,0,0,0,0,0,0,0,0,3.39408852210161
"01298","Ammonium sulfate","test",0,0,0,0,0,0,0,0,0,0.14907290725358
"01299","Ammonium sulfate","calibration",0,0,0,0,0,0,0,0,0,0.0360176151753502
"01300","Ammonium sulfate","calibration",0,0,0,0,0,0,0,0,0,0.30600680194649
"01301","Ammonium sulfate","test",0,0,0,0,0,0,0,0,0,0.427637716685321
"01302","Ammonium sulfate","calibration",0,0,0,0,0,0,0,0,0,0.550554974823557
"01303","Ammonium sulfate","calibration",0,0,0,0,0,0,0,0,0,0.774664580359094
"01304","Ammonium sulfate","test",0,0,0,0,0,0,0,0,0,0.860992515144577
"01305","Ammonium sulfate","calibration",0,0,0,0,0,0,0,0,0,1.23003014364799
"01306","Ammonium sulfate","calibration",0,0,0,0,0,0,0,0,0,1.19098247513234
"01307","Ammonium sulfate","test",0,0,0,0,0,0,0,0,0,1.40297186730741
"01308","Ammonium sulfate","calibration",0,0,0,0,0,0,0,0,0,1.53446474810625
"01309","Ammonium sulfate","calibration",0,0,0,0,0,0,0,0,0,3.41023927811271
"01310","Ammonium sulfate","test",0,0,0,0,0,0,0,0,0,3.58975564581215
"01311","Ammonium sulfate","calibration",0,0,0,0,0,0,0,0,0,3.65550208621152
"01312","Ammonium sulfate","calibration",0,0,0,0,0,0,0,0,0,3.79042521607493
"01313","Ammonium sulfate","test",0,0,0,0,0,0,0,0,0,3.96651133471018
"01314","Ammonium sulfate","calibration",0,0,0,0,0,0,0,0,0,4.17975848487538
"01315","Ammonium sulfate","calibration",0,0,0,0,0,0,0,0,0,4.80806577182371
"01316","Ammonium sulfate","test",0,0,0,0,0,0,0,0,0,6.12585312070019
"01317","Ammonium sulfate","calibration",0,0,0,0,0,0,0,0,0,7.71977551925496
"01324","12-Tricosanone","calibration",0.118342467337233,0.00514532466683615,0.00514532466683623,0,0,0.236684934674466,0,0,0.00514532466683623,0
"01326","12-Tricosanone","test",0.6162467506466,0.0267933369846344,0.0267933369846347,0,0,1.2324935012932,0,0,0.0267933369846347,0
"01327","12-Tricosanone","calibration",1.10308649432664,0.0479602823620281,0.0479602823620279,0,0,2.20617298865328,0,0,0.0479602823620279,0
"01328","12-Tricosanone","calibration",1.75589433244328,0.0763432318453595,0.0763432318453598,0,0,3.51178866488654,0,0,0.0763432318453598,0
"01329","12-Tricosanone","test",1.10020009268431,0.0478347866384482,0.0478347866384482,0,0,2.20040018536862,0,0,0.0478347866384482,0
"01330","12-Tricosanone","calibration",1.37937927376041,0.0599730119026271,0.0599730119026268,0,0,2.75875854752083,0,0,0.0599730119026268,0
"01331","12-Tricosanone","calibration",1.69030887290258,0.0734916901261986,0.0734916901261989,0,0,3.38061774580515,0,0,0.0734916901261989,0
"01332","12-Tricosanone","test",2.05591974760306,0.0893878151131763,0.0893878151131763,0,0,4.1118394952061,0,0,0.0893878151131763,0
"01333","12-Tricosanone","calibration",2.19125991350107,0.0952721701522205,0.0952721701522205,0,0,4.38251982700214,0,0,0.0952721701522205,0
"01335","12-Tricosanone","calibration",2.78601900747651,0.121131261194631,0.121131261194631,0,0,5.57203801495303,0,0,0.121131261194631,0
"01336","12-Tricosanone","test",3.16349620004005,0.13754331304522,0.13754331304522,0,0,6.3269924000801,0,0,0.13754331304522,0
"01337","12-Tricosanone","calibration",3.30605237004412,0.143741407393222,0.143741407393222,0,0,6.61210474008822,0,0,0.143741407393222,0
"01338","12-Tricosanone","calibration",3.59838071415774,0.156451335398162,0.156451335398162,0,0,7.19676142831545,0,0,0.156451335398162,0
"01339","12-Tricosanone","test",3.87643740570621,0.168540756769835,0.168540756769835,0,0,7.75287481141239,0,0,0.168540756769835,0
"01340","12-Tricosanone","calibration",4.31709472310839,0.18769977056993,0.18769977056993,0,0,8.63418944621678,0,0,0.18769977056993,0
"01341","12-Tricosanone","calibration",4.42276909434852,0.192294308449936,0.192294308449936,0,0,8.84553818869704,0,0,0.192294308449936,0
"01342","12-Tricosanone","test",4.78998352551706,0.20826015328335,0.20826015328335,0,0,9.5799670510341,0,0,0.20826015328335,0
"01343","12-Tricosanone","calibration",5.02987557312758,0.218690242309895,0.218690242309895,0,0,10.0597511462552,0,0,0.218690242309895,0
"01344","12-Tricosanone","calibration",5.38586510902012,0.234168048218266,0.234168048218266,0,0,10.7717302180402,0,0,0.234168048218266,0
"01345","12-Tricosanone","test",5.62896426956661,0.244737576937678,0.244737576937678,0,0,11.2579285391332,0,0,0.244737576937678,0
"01346","12-Tricosanone","calibration",6.03306049949889,0.262306978239082,0.262306978239082,0,0,12.0661209989978,0,0,0.262306978239082,0
"01347","12-Tricosanone","calibration",6.34254689781983,0.275762908600862,0.275762908600862,0,0,12.6850937956396,0,0,0.275762908600862,0
"01348","12-Tricosanone","test",6.82345348256854,0.296671890546457,0.296671890546457,0,0,13.646906965137,0,0,0.296671890546457,0
"01349","12-Tricosanone","calibration",7.04025431704002,0.306098013784349,0.306098013784349,0,0,14.08050863408,0,0,0.306098013784349,0
"01350","12-Tricosanone","calibration",7.16452994330884,0.311501301882994,0.311501301882994,0,0,14.3290598866177,0,0,0.311501301882994,0
"01351","12-Tricosanone","test",7.63260807631353,0.331852525057111,0.331852525057111,0,0,15.2652161526271,0,0,0.331852525057111,0
"01352","12-Tricosanone","calibration",8.26072114482291,0.359161788905344,0.359161788905344,0,0,16.5214422896458,0,0,0.359161788905344,0
"01353","12-Tricosanone","calibration",8.7833201977394,0.381883486858234,0.381883486858234,0,0,17.5666403954788,0,0,0.381883486858234,0
"01355","12-Tricosanone","test",9.26374571554768,0.402771552849899,0.402771552849899,0,0,18.5274914310954,0,0,0.402771552849899,0
"01356","12-Tricosanone","calibration",9.33702824613444,0.405957749831931,0.405957749831931,0,0,18.6740564922688,0,0,0.405957749831931,0
"01357","12-Tricosanone","calibration",9.88079424442816,0.429599749757747,0.429599749757747,0,0,19.7615884888563,0,0,0.429599749757747,0
"01358","12-Tricosanone","test",10.3900837786599,0.451742772985215,0.451742772985215,0,0,20.7801675573198,0,0,0.451742772985215,0
"01359","12-Tricosanone","calibration",10.3846316866689,0.451505725507341,0.451505725507341,0,0,20.7692633733377,0,0,0.451505725507341,0
"01360","12-Tricosanone","calibration",10.8669814722385,0.47247745531472,0.47247745531472,0,0,21.7339629444771,0,0,0.47247745531472,0
"01361","12-Tricosanone","test",11.4697583485542,0.498685145589311,0.498685145589311,0,0,22.9395166971083,0,0,0.498685145589311,0
"01362","12-Tricosanone","calibration",11.4962170302759,0.499835523055472,0.499835523055472,0,0,22.9924340605517,0,0,0.499835523055472,0
"01363","12-Tricosanone","calibration",12.5321145085939,0.544874543851908,0.544874543851908,0,0,25.0642290171877,0,0,0.544874543851908,0
"01364","12-Tricosanone","test",12.9516048806188,0.563113255679077,0.563113255679077,0,0,25.9032097612376,0,0,0.563113255679077,0
"01365","12-Tricosanone","calibration",12.9583398177843,0.563406079034099,0.563406079034099,0,0,25.9166796355685,0,0,0.563406079034099,0
"01387","levoglucosan","calibration",0.0397491660983634,0,0,0,0,0.0463740271147574,0.0198745830491817,0,0,0
"01388","levoglucosan","test",0.164238312670338,0,0,0,0,0.191611364782061,0.0821191563351689,0,0,0
"01389","levoglucosan","calibration",0.488259536975662,0,0,0,0,0.569636126471605,0.244129768487831,0,0,0
"01390","levoglucosan","calibration",0.834120962433848,0,0,0,0,0.97314112283949,0.417060481216925,0,0,0
"01391","levoglucosan","test",0.0255093549466086,0,0,0,0,0.0297609141043767,0.0127546774733043,0,0,0
"01392","levoglucosan","calibration",0.0391376404661347,0,0,0,0,0.0456605805438238,0.0195688202330673,0,0,0
"01393","levoglucosan","calibration",0.049620937019456,0,0,0,0,0.0578910931893652,0.0248104685097279,0,0,0
"01394","levoglucosan","test",0.113918489213814,0,0,0,0,0.132904904082783,0.0569592446069073,0,0,0
"01395","levoglucosan","calibration",0.102037419786583,0,0,0,0,0.119043656417681,0.0510187098932916,0,0,0
"01396","levoglucosan","calibration",0.101687976568199,0,0,0,0,0.118635972662899,0.0508439882840994,0,0,0
"01397","levoglucosan","test",0.120557910364386,0,0,0,0,0.140650895425117,0.0602789551821928,0,0,0
"01398","levoglucosan","calibration",0.164937199107032,0,0,0,0,0.192426732291537,0.082468599553516,0,0,0
"01399","levoglucosan","calibration",0.146766151747912,0,0,0,0,0.171227177039231,0.073383075873956,0,0,0
"01400","levoglucosan","test",0.176119382097495,0,0,0,0,0.205472612447077,0.0880596910487472,0,0,0
"01401","levoglucosan","calibration",0.178216041408099,0,0,0,0,0.207918714976115,0.0891080207040496,0,0,0
"01402","levoglucosan","calibration",0.228535864864473,0,0,0,0,0.266625175675218,0.114267932432236,0,0,0
"01403","levoglucosan","test",0.217703125092618,0,0,0,0,0.253986979274721,0.108851562546309,0,0,0
"01404","levoglucosan","calibration",0.232030297049062,0,0,0,0,0.270702013223906,0.116015148524531,0,0,0
"01405","levoglucosan","calibration",0.24181470716554,0,0,0,0,0.282117158359797,0.12090735358277,0,0,0
"01406","levoglucosan","test",0.305063929704522,0,0,0,0,0.355907917988608,0.152531964852261,0,0,0
"01407","levoglucosan","calibration",0.227138091990712,0,0,0,0,0.26499444065583,0.113569045995356,0,0,0
"01408","levoglucosan","calibration",0.321837204189954,0,0,0,0,0.375476738221616,0.160918602094978,0,0,0
"01409","levoglucosan","test",0.340707137986217,0,0,0,0,0.39749166098392,0.170353568993108,0,0,0
"01410","levoglucosan","calibration",0.400461928340682,0,0,0,0,0.46720558306413,0.200230964170342,0,0,0
"01411","levoglucosan","calibration",0.42806794259797,0,0,0,0,0.499412599697633,0.214033971298985,0,0,0
"01412","levoglucosan","test",0.473845004214526,0,0,0,0,0.552819171583615,0.236922502107264,0,0,0
"01413","levoglucosan","calibration",0.490268835481651,0,0,0,0,0.571980308061927,0.245134417740825,0,0,0
"01414","levoglucosan","calibration",0.543384204685621,0,0,0,0,0.633948238799891,0.271692102342811,0,0,0
"01415","levoglucosan","test",0.526261486981654,0,0,0,0,0.613971734811932,0.263130743490828,0,0,0
"01416","levoglucosan","calibration",0.579027412967243,0,0,0,0,0.675531981795116,0.28951370648362,0,0,0
"01417","levoglucosan","calibration",0.604536767913924,0,0,0,0,0.705292895899578,0.302268383956961,0,0,0
"01418","levoglucosan","test",0.689451469996542,0,0,0,0,0.804360048329298,0.344725734998269,0,0,0
"01419","levoglucosan","calibration",0.657652137117896,0,0,0,0,0.767260826637545,0.328826068558947,0,0,0
"01420","levoglucosan","calibration",0.67861873022476,0,0,0,0,0.791721851928888,0.339309365112381,0,0,0
"01421","levoglucosan","test",0.688752583559774,0,0,0,0,0.803544680819736,0.344376291779886,0,0,0
"01422","levoglucosan","calibration",0.779258377137508,0,0,0,0,0.909134773327095,0.389629188568756,0,0,0
"01423","levoglucosan","calibration",0.777511161045289,0,0,0,0,0.907096354552837,0.388755580522646,0,0,0
"01424","levoglucosan","test",0.80302051599197,0,0,0,0,0.936857268657299,0.401510257995986,0,0,0
"01425","levoglucosan","calibration",1.54873234415862,0,0,0,0,1.80685440151839,0.774366172079307,0,0,0
"01444","fructose","calibration",0.130270183273551,0,0,0,0,0.15198188048581,0.108558486061293,0,0,0
"01445","fructose","test",0.272098222952504,0,0,0,0,0.31744792677792,0.226748519127087,0,0,0
"01446","fructose","calibration",0.403156901386104,0,0,0,0,0.470349718283789,0.335964084488421,0,0,0
"01447","fructose","calibration",0.736494915099416,0,0,0,0,0.859244067615986,0.613745762582849,0,0,0
"01448","fructose","test",0.646626684682697,0,0,0,0,0.754397798796482,0.538855570568915,0,0,0
"01449","fructose","calibration",0.768432338717238,0,0,0,0,0.896504395170112,0.640360282264365,0,0,0
"01450","fructose","calibration",0.867971428575034,0,0,0,0,1.01263333333754,0.723309523812529,0,0,0
"01451","fructose","test",1.25716455242651,0,0,0,0,1.46669197783093,1.04763712702209,0,0,0
"01452","fructose","calibration",1.06719113306292,0,0,0,0,1.24505632190673,0.889325944219096,0,0,0
"01453","fructose","calibration",1.21923591344756,0,0,0,0,1.42244189902215,1.01602992787296,0,0,0
"01454","fructose","test",1.32764388903676,0,0,0,0,1.54891787054288,1.10636990753063,0,0,0
"01455","fructose","calibration",1.71254409479476,0,0,0,0,1.99796811059389,1.42712007899563,0,0,0
"01456","fructose","calibration",1.56413178356621,0,0,0,0,1.82482041416057,1.30344315297184,0,0,0
"01457","fructose","test",1.63017667731049,0,0,0,0,1.90187279019557,1.35848056442541,0,0,0
"01458","fructose","calibration",1.62272303930229,0,0,0,0,1.89317687918601,1.35226919941858,0,0,0
"01459","fructose","calibration",1.81585717858087,0,0,0,0,2.11850004167768,1.51321431548406,0,0,0
"01460","fructose","test",1.99601821373104,0,0,0,0,2.32868791601954,1.66334851144253,0,0,0
"11037","1-Docosanol|Suberic Acid","calibration",3.20850300134234,0.087549884857126,0,0.087549884857126,0.087549884857126,6.37182911760289,0.129922884632447,0,0,0
"11038","1-Docosanol|Suberic Acid","test",3.89582104108982,0.0853272562013056,0,0.0853272562013056,0.0853272562013064,7.78255629778994,0.161568728012936,0,0,0
"11039","1-Docosanol|Suberic Acid","calibration",4.33593572891462,0.042175734005482,0,0.042175734005482,0.0421757340054812,8.7769396622225,0.189419672404214,0,0,0
"11040","1-Docosanol|Suberic Acid","calibration",6.00888210177991,0.0655946505740609,0,0.0655946505740609,0.0655946505740617,12.1477796069337,0.261204704521985,0,0,0
"11041","1-Docosanol|Suberic Acid","test",4.36607303675185,0.00509578277187646,0,0.00509578277187646,0.00509578277187626,8.91948586730832,0.197531359348379,0,0,0
"11042","1-Docosanol|Suberic Acid","calibration",5.47408916948699,0.114058797361851,0,0.114058797361851,0.11405879736185,10.9481450160702,0.228084271819981,0,0,0
"11043","1-Docosanol|Suberic Acid","calibration",6.84857778102918,0.0440188894761264,0,0.0440188894761264,0.0440188894761259,13.9124133387027,0.303295555596577,0,0,0
"11044","1-Docosanol|Suberic Acid","test",8.7645167051263,0.0483557258777679,0,0.0483557258777679,0.0483557258777679,17.8219171312978,0.389595172800691,0,0,0
"11045","1-Docosanol|Adipic Acid","calibration",1.99381771112718,0.0170587969485777,0,0.0170587969485777,0.0170587969485776,4.04181970655181,0.0883018781946113,0,0,0
"11046","1-Docosanol|Adipic Acid","test",2.58254004742131,0.0241666290104386,0,0.0241666290104386,0.024166629010439,5.2308395713849,0.114092734563181,0,0,0
"11049","1-Docosanol|Adipic Acid","test",5.85861593132426,0.0333421940358301,0,0.0333421940358301,0.033342194035831,11.9123015359049,0.261754061328035,0,0,0
"11052","1-Docosanol|Adipic Acid","test",6.83914055440282,0.0669428546920749,0,0.0669428546920749,0.066942854692076,13.8461368535273,0.301741454105756,0,0,0
"11053","1-Docosanol|Adipic Acid","calibration",0.174607747223533,0.031274461072412,0,0.031274461072412,0.0312744610724106,0.290338588847987,0.00367201654574098,0,0,0
"11054","1-Docosanol|Adipic Acid","test",0.374294944432652,0.117343845676455,0,0.117343845676455,0.117343845676457,0.514914170576177,0.00101197306378557,0,0,0
"11055","1-Docosanol|Adipic Acid","calibration",0.161352060995393,0.0361853268605776,0,0.0361853268605776,0.0361853268605756,0.252733290106618,0.00239982183698479,0,0,0
"11056","1-Docosanol|Adipic Acid","calibration",0.319944803518171,0.0949864830090785,0,0.0949864830090785,0.0949864830090799,0.451506884404133,0.0015902433859514,0,0,0
"21046","1-Docosanol|Adipic Acid|Suberic Acid","test",2.7620850744471,0.0690528857668874,0,0.0690528857668874,0.0690528857668888,5.50015711192361,0.114092734563181,0,0,0
"21047","1-Docosanol|Adipic Acid|Suberic Acid","calibration",4.05973638129198,0.0355363353648391,0,0.0355363353648391,0.0355363353648365,8.22723018898386,0.178830097129571,0,0,0
"21048","1-Docosanol|Adipic Acid|Suberic Acid","calibration",7.37470211551016,0.0947249620896914,0,0.0947249620896914,0.0947249620896889,14.8791595246761,0.319205217835142,0,0,0
"21049","1-Docosanol|Adipic Acid|Suberic Acid","test",5.96183263768212,0.0591463706252957,0,0.0591463706252957,0.0591463706252963,12.0671265954417,0.261754061328035,0,0,0
"21050","1-Docosanol|Adipic Acid|Suberic Acid","calibration",7.21949225609818,0.0562462631468935,0,0.0562462631468935,0.0562462631468915,14.6442948982065,0.3178029123039,0,0,0
"21051","1-Docosanol|Adipic Acid|Suberic Acid","calibration",5.46006739090725,0.0615946196655879,0,0.0615946196655879,0.0615946196655862,11.0347302989576,0.237784756474289,0,0,0
"21052","1-Docosanol|Adipic Acid|Suberic Acid","test",7.04817606895949,0.119201733331242,0,0.119201733331242,0.119201733331243,14.1596901253623,0.301741454105756,0,0,0
